quorum_size,alpha,iterations,share_of_blocks,share_of_votes
51,0.05,1000000,0.052619,0.00366554901961
51,0.,1000000,0.,0.
51,0.1,1000000,0.109348,0.0131052745098
51,0.25,1000000,0.299663,0.0820072941176
51,0.2,1000000,0.232837,0.0515907647059
51,0.15,1000000,0.169295,0.0287994901961
51,0.45,1000000,0.576411,0.286422294118
51,0.3,1000000,0.369189,0.120800686275
51,0.35,1000000,0.437849,0.167346490196
51,0.5,1000000,0.642454,0.357655372549
51,0.4,1000000,0.507382,0.222518588235
